{"cameraMode":{"drawMode":0,"name":"Shaded","section":"Shading Mode"},"sceneLighting":false,"audioPlay":false,"sceneViewState":{"showFog":true,"showMaterialUpdate":true,"showSkybox":false,"showFlares":true,"showImageEffects":true,"showParticleSystems":true},"in2DMode":false,"pivot":{"x":-0.28639817237854006,"y":0.008478343486785889,"z":0.5943129658699036},"rotation":{"x":-0.17046499252319337,"y":0.4360111355781555,"z":-0.08444667607545853,"w":-0.8796203136444092},"size":0.4615592956542969,"orthographic":false}