{"cameraMode":{"drawMode":0,"name":"Shaded","section":"Shading Mode"},"sceneLighting":true,"audioPlay":false,"sceneViewState":{"showFog":true,"showMaterialUpdate":true,"showSkybox":true,"showFlares":true,"showImageEffects":true,"showParticleSystems":true},"in2DMode":false,"pivot":{"x":260.14508056640627,"y":40.43787384033203,"z":87.63703918457031},"rotation":{"x":-0.24262236058712007,"y":0.25823354721069338,"z":-0.06689300388097763,"w":-0.932770311832428},"size":305.1830749511719,"orthographic":false}