{"cameraMode":{"drawMode":0,"name":"Shaded","section":"Shading Mode"},"sceneLighting":false,"audioPlay":false,"sceneViewState":{"showFog":true,"showMaterialUpdate":true,"showSkybox":false,"showFlares":true,"showImageEffects":true,"showParticleSystems":true},"in2DMode":false,"pivot":{"x":-2.1259000301361086,"y":1.9789999723434449,"z":-0.9251800179481506},"rotation":{"x":-0.4413614571094513,"y":-0.06476372480392456,"z":0.03203728049993515,"w":-0.8944392204284668},"size":22.0,"orthographic":false}