{"cameraMode":{"drawMode":0,"name":"Shaded","section":"Shading Mode"},"sceneLighting":true,"audioPlay":false,"sceneViewState":{"showFog":true,"showMaterialUpdate":true,"showSkybox":true,"showFlares":true,"showImageEffects":true,"showParticleSystems":true},"in2DMode":false,"pivot":{"x":277.3259582519531,"y":13.532629013061524,"z":-3.72857666015625},"rotation":{"x":-0.1131570041179657,"y":0.005652438383549452,"z":-0.0005809422582387924,"w":-0.9935798645019531},"size":64.67652130126953,"orthographic":false}